Vodka Cranberry, Vodka,2, Cranberry Juice,5,,,,,,,,
White Cinnomon, Rum Chata,3, Milk,3,,,,,,,,
Screw Driver, Orange Juice,5, Vodka,2,,,,,,,,
Water, Water,7,,,,,,,,,,
Shot of Vodka, Vodka,1.25,,,,,,,,,,
Vodka on the Rocks, Vodka,4,,,,,,,,,,
357 Magnum, Amaretto,1.5, Spiced Rum,1, Vodka,1, 7 Up,4,,,,
Five Fifty, Peppermint Schnapps,0.5, Vodka,0.5, 7 Up,3, Lime Juice,0.5, Red Bull,3,,
Morning Sunrise, Gin,1.5, Grenadine,0.5, Mountain Dew,6,,,,,,
Sensual 69, Gin,2, 7 Up,4, Lemon Juice,1.5,,,,,,
Caramel Apple, Apple Schnapps,1, Cola,6,,,,,,,,
ABC, Amaretto,2, Irish Cream,2, Cognac,2,,,,,,
Absinthe Martini, Absinthe,0.5, Gin,2.5, Vermouth,1,,,,,,
Absinthe Sprite, Absinthe,1, Sprite,6,,,,,,,,
Absinthe 7 Up, Absinthe,1, 7 Up,6,,,,,,,,
Absolut Limousine, Vodka,2, Lime Juice,0.75, Tonic Water,4.5,,,,,,
Adios MoFo, Tequila,1, Vodka,1,,,,,,,,
Admiral Bourbon, Bourbon,1, Vermouth,1.5, Lemon Juice,0.5,,,,,,
Christmas Break, Irish Cream,1.5, Kahlua,1.5, Peppermint Schnapps,1.5,,,,,,
After Party, Vodka,1.5, Cranberry Juice,2, Ginger Ale,1.5, Pineapple Juice,2,,,,
Airhead, Peach Schnapps,1.5, Cranberry Juice,5.5,,,,,,,,
Mind Eraser, Amaretto,1, Kahlua,2, Vodka,1, Club Soda,3,,,,
Pornge Juice, Triple Sec,1.5, Lemon Vodka,2, Pineapple Juice,3.5,,,,,,
Algonquin, Vermouth,1, Whiskey,1.5, Pineapple Juice,2,,,,,,
Alice In Wonderland, Amaretto,2, Grand Marnier,2, Southern Comfort,2,,,,,,
'merica, Bourbon,1, Southern Comfort,1, Cola,4,,,,,,
Delightful Almonds, Sambuca,0.5, Amaretto,1.5,,,,,,,,
Almond Pop, Amaretto,2, Cream Soda,5,,,,,,,,
Winter Soda, Peppermint Schnapps,1.5, Sprite,6,,,,,,,,
Winter Pop, Peppermint Schnapps,1.5, 7 Up,6,,,,,,,,
Almond Coke, Amaretto,1.5, Cola,5.5,,,,,,,,
Amaretto Splash, Amaretto,2, Lime Juice,0.5,,,,,,,,
Amaretto Sun Shine, Amaretto,1, Peach Schnapps,1, Pineapple Juice,2, Vodka,1,,,,
Almond Rose, Amaretto,1.5, Club Soda,5, Lime Juice,0.75,,,,,,
Almond Fizzle, Amaretto,2, Sprite,4.5,,,,,,,,
Almond Fizzles, Amaretto,2, 7 Up,4.5,,,,,,,,
Cherry Almond, Amaretto,3, Cherry Juice,4,,,,,,,,
My Pimp, Jack Daniels,1, Peach Schnapps,1, Cherry Pucker,1, Cola,4,,,,
Kiss of an Angel, Vodka,2, Champagne,5,,,,,,,,
Mean Irish Boy, Whiskey,1.5, Irish Cream,2,,,,,,,,
Antifreeze, Vodka,1, Creme de Menthe,1.5,,,,,,,,
Silent Mountain Death, Everclear,1, Koolaid,3, Mountain Dew,3,,,,,,
Deadly Ape Sweat, Bourbon,1, Everclear,1, Jack Daniels,1, Dr. Pepper,4,,,,
Apple Cobbler, Apple Schnapps,1.5, Irish Cream,1.5, Goldschlager,1.5,,,,,,
Apple Jacks Shot, Jack Daniels,1.5, Sour Apple Pucker,0.5,,,,,,,,
Hyper Apple, Vodka,1, Sour Apple Pucker,1, Red Bull,4,,,,,,
Classy Apple, Apple Schnapps,1.5, Sprite,6,,,,,,,,
Classy Apples, Apple Schnapps,1.5, 7 Up,6,,,,,,,,
Mt. Apple, Apple Schnapps,1.5, Vodka,1.25, Mountain Dew,4,,,,,,
Applepuckertini, Vodka,2, Sour Apple Pucker,2, Lime Juice,0.5, Mountain Dew,2,,,,
Applesauce, Sour Apple Pucker,1.5, Goldschlager,1.5, Pineapple Juice,2,,,,,,
Spring Apple, Sour Apple Pucker,1.5, Grenadine,1, Lemonade,4.5,,,,,,
Mint Kiss, Creme de Menthe,2, Champagne,5,,,,,,,,
Southern Sunset, Vodka,1.5, Sprite,2, Lemonade,1, Southern Comfort,1.5,,,,
Southern Sunsets, Vodka,1.5, 7 Up,2, Lemonade,1, Southern Comfort,1.5,,,,
Mexican Hummer, Amaretto,2, Tequila,1.5,,,,,,,,
Army Green, Jagermeister,1, Goldschlager,1, Tequila,1,,,,,,
Around the World, Creme de Menthe,1.5, Gin,1.5, Pineapple Juice,1.5,,,,,,
Grand Lemon Master, Gin,2, Grand Marnier,1, Lemon Juice,0.75,,,,,,
Asphalt, Brandy,1.5, Cola,6,,,,,,,,
Ass Kicker shot, Sour Apple Pucker,0.75, Tequila,0.75,,,,,,,,
Asshole Ginger, Vodka,1, Cranberry Juice,1.5, Ginger Ale,2, Red Bull,1,,,,
Astropop, Amaretto,2, Rumple Minze,1.5, Grenadine,1.5,,,,,,
College Chicks, Peach Schnapps,0.75, Vodka,1.5, Pineapple Juice,4.5,,,,,,
Greek Gods, Gin,1, Vodka,1, Tonic Water,4,,,,,,
Headbanger, Goldschlager,1, Jagermeister,1,,,,,,,,
Frat Rush Bomb, Jack Daniels,2, Jagermeister,1.5, Dr. Pepper,3,,,,,,
Simple Club, Vodka,1.25, Club Soda,5, Lime Juice,0.5,,,,,,
Weak Jet Fuel, Vodka,1, 7 Up,2, Lemonade,1,,,,,,
Whimpy Jet Fuel, Vodka,1, Sprite,2, Lemonade,1,,,,,,
I'm Awesome, Amaretto,0.75, Peach Schnapps,0.75, Southern Comfort,0.75, Pineapple Juice,2, Cranberry Juice,2,,
Yummy Cream #1, Irish Cream,1, Grand Marnier,1, Kahlua,1,,,,,,
Yummy Cream #2, Amaretto,1, Irish Cream,1, Kahlua,1,,,,,,
Yummy Soda, Irish Cream,1, Grand Marnier,1, Kahlua,1, Cola,4,,,,
Kahbuca, Grand Marnier,1, Kahlua,1, Sambuca,1,,,,,,
Yummy Kick, Irish Cream,1, Grand Marnier,1, Kahlua,1, Vodka,1,,,,
Yummy Mint Cream, Irish Cream,1, Creme de Menthe,1, Grand Marnier,1, Kahlua,1,,,,
Yummy Peppermint Cream, Irish Cream,1, Kahlua,1, Peppermint Schnapps,1,,,,,,
Yummy Almond Kick, Amaretto,1, Irish Cream,1, Grand Marnier,1, Kahlua,1, Vodka,1,,
Baby Guinness, Irish Cream,1, Kahlua,2.5,,,,,,,,
Adult Guinness, Irish Cream,1, Kahlua,1, Vodka,1,,,,,,
Girly Joyride, Gin,1, Vodka,1, Cranberry Juice,2.5, Ginger Ale,2.5,,,,
Peach Kick Shot, Peach Schnapps,0.75, Vodka,0.75,,,,,,,,
Almond Irish, Amaretto,1, Irish Cream,4,,,,,,,,
Bum Wine, Red Wine,3.5, Cola,3.5,,,,,,,,
Bar Slut, Vodka,2, 7 Up,1.5,Cranberry Juice,1.5, Red Bull, 1,,,,
Bar's Special, Amaretto,1, Jack Daniels,1.75, Pineapple Juice,3.5,,,,,,
Barrack Bash, Jagermeister,1, 7 Up,6,,,,,,,,
Barracks Bash, Jagermeister,1, Sprite,6,,,,,,,,
Barricuda, Peach Schnapps,1, Southern Comfort,1, Vodka,1,,,,,,
Bat Blood, Jagermeister,1, Grenadine,0.5,,,,,,,,
Bay Breeze, Vodka,1.5, Cranberry Juice,1, Pineapple Juice,4,,,,,,
Relaxing Cowbody, Amaretto,1, Bourbon,1, Cola,5,,,,,,
Manly Alien, Everclear,0.5, Southern Comfort,1, Vodka,1, Water,1,,,,
You're Beautiful, Cognac,1, Grand Marnier,1,,,,,,,,
Beauty and the Beast, Jagermeister,1, Tequila,1,,,,,,,,
Beaver Drank, Spiced Rum,1.5, Grenadine,0.75, Pineapple Juice,4,,,,,,
Bedside Manners, Southern Comfort,2, Dr. Pepper,5,,,,,,,,
Blindfold Siege, Brandy,1, Gin,1.5, Triple Sec,0.5, Lemon Juice,0.75,,,,
Irish Bomber, Irish Cream,1, Cognac,1,,,,,,,,
Bellwitch, Gin,1, Peach Pucker,1, Triple Sec,1,,,,,,
Bermuda Highball, Brandy,0.75, Gin,0.75, Vermouth,0.75, Club Soda,4.25,,,,
Big Daddy's Man Juice, Irish Cream,1, Goldschlager,0.5, Jagermeister,0.5, Kahlua,0.5,,,,
Club Gin, Gin,2, Club Soda,4, Lime Juice,1,,,,,,
Bitch's Brew, Jack Daniels,1, Peach Schnapps,1, Cranberry Juice,5,,,,,,
Better than a BJ, Amaretto,1, Jack Daniels,2, Dr. Pepper,3.75, Lime Juice,0.5,,,,
Black Gold, Goldschlager,1, Jagermeister,1,,,,,,,,
Bumble Bee, Irish Cream,1, Kahlua,1, Sambuca,1,,,,,,
Black Dahlia, Jagermeister,1.5, Vodka,0.75, Red Bull,4,,,,,,
Black Jack Shot, Jack Daniels,0.75, Kahlua,0.75,,,,,,,,
Black Licorice Shot, Kahlua,1, Sambuca,0.75,,,,,,,,
Black Magic, Amaretto,1, Peach Schnapps,1, Southern Comfort,1, Triple Sec,1, Pineapple Juice,3,,
Black Eyed Girl, Jagermeister,2, Grape Juice,2, Sprite,3,,,,,,
Black Eyed Girls, Jagermeister,2, Grape Juice,2, 7 Up,3,,,,,,
Blonde Headed Slut, Grand Marnier,1, Peach Schnapps,1, Pineapple Juice,1,,,,,,
Blonde Slut, Jagermeister,1.25, Peach Schnapps,1.25, Pineapple Juice,1.75,,,,,,
Blood Clot Shot, Southern Comfort,1, Grenadine,0.3,,,,,,,,
Blood Test Shot, Tequila,1, Grenadine,0.3,,,,,,,,
Bloody Brain, Irish Cream,0.75, Strawberry Schnapps,1.5, Grenadine,0.25,,,,,,
Gin and Tonic Double, Gin,2, Tonic Water,4,,,,,,,,
Bloody Clam, Tequila,2, Pineapple Juice,4.5, Grenadine,0.5,,,,,,
Bloody Fairy, Absinthe,1, Cranberry Juice,1, Tonic Water,4,,,,,,
Blowfish, Gin,2, Grand Marnier,0.75, Lemon Juice,1,,,,,,
Blowjob Revenge, Irish Cream,1, Lemon Juice,0.5,,,,,,,,
Bob Dylan, Jagermeister,1.25, Mountain Dew,5.5,,,,,,,,
Bonzai, Spiced Rum,0.5, Sake,0.5, Southern Comfort,0.5, Cola,5.5,,,,
Boobies on the Dance Floor, Triple Sec,1, Vodka,1, Red Bull,5,,,,,,
Boozer Babe, Jagermeister,1, Red Wine,1, Sprite,2,,,,,,
Border Crossing, Tequila,1.5, Cola,4, Lemon Juice,0.5, Lime Juice,0.75,,,,
Bourble, Bourbon,2, Triple Sec,0.5, Lemon Juice,0.5,,,,,,
Bourbon and Water, Bourbon,2, Water,4.5,,,,,,,,
Bourbon Cooler, Bourbon,2, Sprite,4,,,,,,,,
Bourbon's Cooler, Bourbon,2, 7 Up,4,,,,,,,,
Bourbon Godfather Shot, Bourbon,0.75, Amaretto,0.75,,,,,,,,
Bourbon Highball, Bourbon,2, Club Soda,4.5,,,,,,,,
The Brain, Irish Cream,1, Peach Schnapps,1,,,,,,,,
Brain Damage Shot, Irish Cream,0.5, Vodka,0.75, Grenadine,0.25,,,,,,
Brain Eraser, Amaretto,0.5, Kahlua,0.5, Vodka,1, Club Soda,4.5,,,,
Brain Tumor Shot, Irish Cream,0.5, Peach Schnapps,0.75, Grenadine,0.25,,,,,,
Brandy Fizz, Brandy,2, Club Soda,5,,,,,,,,
Brandy Cooler, Brandy,2, Sprite,4, Lemon Juice,0.5,,,,,,
Brandy Coolers, Brandy,2, 7 Up,4, Lemon Juice,0.5,,,,,,
Brandy Gump Cocktail, Brandy,1.5, Grenadine,0.5, Lemon Juice,0.5,,,,,,
Brandy Highball, Brandy,2, Club Soda,4.5,,,,,,,,
Brandy Soda, Brandy,2, Sprite,4,,,,,,,,
Brandy Sodas, Brandy,2, 7 Up,4,,,,,,,,
Brantini, Brandy,1.5, Gin,1, Vermouth,0.5,,,,,,
Brass Balls, Grand Marnier,1, Peach Schnapps,1, Pineapple Juice,1,,,,,,
Brave Bull Shooter, Kahlua,0.75, Tequila,0.3,,,,,,,,
Brazen Hussey, Triple Sec,1, Vodka,1, Lemon Juice,0.5,,,,,,
Bring the Pain (and the fairy), Absinthe,1, Rumple Minze,1,,,,,,,,
Bruce Spruce, Irish Cream,0.75, Kahlua,0.75, Grenadine,0.3,,,,,,
Buckhead Root, Jagermeister,1.25, Club Soda,5,,,,,,,,
Bourbon with water, Bourbon,1.25, Water,5.75,,,,,,,,
Jager Bomb, Jagermeister,1, Red Bull,4,,,,,,,,
Bull Breaker, Jack Daniels,3, Tequila,1, Water,2,,,,,,
Bull Rider, Jack Daniels,1, Red Bull,3, Sprite,2,,,,,,
Bull Riders, Jack Daniels,1, Red Bull,3, 7 Up,2,,,,,,
Bullfrog, Vodka,1.5, Lemonade,5,,,,,,,,
Tree Frog, Vodka,1.5, Koolaid,2.5, Mountain Dew,2.5,,,,,,
Bullfrog Punch, Everclear,0.5, Vodka,0.5, Ginger Ale,2, Lemon Juice,1, Lime Juice,1, Sprite,1
Burning Nazi, Jagermeister,0.75, Rumple Minze,0.75,,,,,,,,
Tropical Tingle, Peach Schnapps,1, Vodka,1, Cranberry Juice,1.5, Pineapple Juice,3,,,,
Busted Nut, Amaretto,1, Vodka,1, Sprite,2,,,,,,
Busted Nuts, Amaretto,1, Vodka,1, 7 Up,2,,,,,,
No Whiskey Please, Triple Sec,1, Whiskey,1, Ginger Ale,5,,,,,,
Butterfly Nipple Shot, Amaretto,0.75, Irish Cream,0.75,,,,,,,,
Kazi Kazi, Tequila,1.5, Cranberry Juice,3, Lime Juice,0.5,,,,,,
Cabo, Tequila,1.5, Lime Juice,0.3, Pineapple Juice,3,,,,,,
Gold Rush, Goldschlager,1.25, Vodka,1.25, Sprite,4.5,,,,,,
River Gold Rush, Goldschlager,1.25, Vodka,1.25, 7 Up,4.5,,,,,,
Tequila shot, Tequila,1,,,,,,,,,,
Rum Chata Shot, Rum Chata,1.5,,,,,,,,,,
Brandy Shot, Brandy,1.25,,,,,,,,,,
Whiskey Shot, Whiskey,1.25,,,,,,,,,,
Red Wine, Red Wine,7,,,,,,,,,,
White Wine, White Wine,7,,,,,,,,,,
Sambuca Shot, Sambuca,1.25,,,,,,,,,,
Jack Daniels Shot, Jack Daniels,1.25,,,,,,,,,,
Grand Marnier Shot, Grand Marnier,1.25,,,,,,,,,,
Jagermeister Shot, Jagermeister,1.25,,,,,,,,,,
Triple Sec Shot, Triple Sec,1.25,,,,,,,,,,
Irish Cream Shot, Irish Cream,1.25,,,,,,,,,,
Kahlua Shot, Kahlua,1.25,,,,,,,,,,
Can Can, Peach Schnapps,1.5, Champagne,4.5,,,,,,,,
Candy Apple Cocktail, Amaretto,1, Apple Schnapps,1, Cranberry Juice,1,,,,,,
Sour Apple Wine, Sour Apple Pucker,1, Red Wine,5,,,,,,,,
Candy Cane, Creme de Menthe,0.5, Peppermint Schnapps,0.5, Grenadine,0.3,,,,,,
Ladies Comfort, Southern Comfort,2.25, Cranberry Juice,4.5,,,,,,,,
Judge Judy Shot, Amaretto,0.75, Bourbon,0.75,,,,,,,,
Capri Cooler, Peach Schnapps,1.5, White Wine,3, Cranberry Juice,3,,,,,,
Captain Jack Sparrow, Jack Daniels,1, Spiced Rum,1, Cola,4.75,,,,,,
Crash, Gin,1, Triple Sec,0.3, Lemon Juice,0.3,,,,,,
Carlitos, Vodka,1.5, Club Soda,1, Grape Juice,2.5,,,,,,
Dr. Meister, Jagermeister,0.75, Spiced Rum,0.75, Vodka,0.75, Dr. Pepper,4.5,,,,
Mr. Caruso, Creme de Menthe,0.5, Gin,1.5, Vermouth,1,,,,,,
Catalina, Vodka,2, Cranberry Juice,1, Club Soda,4,,,,,,
Caveman, Brandy,1, Gin,1, Whiskey,1, Cola,3,,,,
Cerebellum Shot, Irish Cream,0.5, Vodka,0.75, Grenadine,0.25,,,,,,
Cerebral Hemorrhage, Irish Cream,0.75, Strawberry Schnapps,2, Grenadine,0.5,,,,,,
Chain Lightning, Gin,2, Triple Sec,0.5, Lemon Juice,0.3,,,,,,
Cool Champagne, Creme de Menthe,1, Champagne,5.5,,,,,,,,
Charlie Bit My Finger, Bourbon,0.5, Jack Daniels,0.5, Southern Comfort,0.5, Club Soda,5,,,,
Negro Tequila, Tequila,1, Cola,5, Lemon Juice,0.5,,,,,,
Dangerous Guevara, Goldschlager,0.5, Jagermeister,0.5, Tequila,0.5,,,,,,
Cheap Date, Vodka,1.5, 7 Up,2.5, Cranberry Juice,2.5,,,,,,
Cheap Dates, Vodka,1.5, Sprite,2.5, Cranberry Juice,2.5,,,,,,
Cherry Amaretto shot, Amaretto,1, Cherry Juice,0.3,,,,,,,,
Cherry Blow Shot, Amaretto,0.5, Southern Comfort,0.5, Grenadine,0.25,,,,,,
Cherry Bomb, Cherry Schnapps,1, Red Bull,4,,,,,,,,
Cherry Moose, Jagermeister,1.25, Cherry Soda,4,,,,,,,,
Cherry Lifesaver Shot, Amaretto,0.5, Southern Comfort,0.5, Cranberry Juice,0.5,,,,,,
Cherry Lifesaver, Amaretto,2, Cranberry Juice,1.25, Lime Juice,0.75,,,,,,
Cherry Popper, Sour Apple Pucker,1, Sour Cherry Pucker,1, Vodka,1, Cranberry Juice,4,,,,
Pucker Glory, Cherry Pucker,0.75, Vodka Raspberry,0.75, Cranberry Juice,0.5, Sprite,2,,,,
Puckers Glory, Cherry Pucker,0.75, Vodka Raspberry,0.75, Cranberry Juice,0.5, 7 Up,2,,,,
Chocolate Covered Cherry, Kahlua,1, Tequila,0.5,,,,,,,,
Chocolate Dr. Pepper, Kahlua,1, Dr. Pepper,6,,,,,,,,
Gold Cream, Goldschlager,1, Cream Soda,5,,,,,,,,
Classic Jack, Jack Daniels,1.5, Cola,5,,,,,,,,
Cleaning Fluid Shot, Gin,1, Lemon Juice,0.3,,,,,,,,
Clear Blue Sea, Everclear,0.5, Sour Watermelon Pucker,1, Sprite,5.25,,,,,,
Clear Blue Seas, Everclear,0.5, Sour Watermelon Pucker,1, 7 Up,5.25,,,,,,
Clear Lemonade, Everclear,2, Lemonade,5,,,,,,,,
Face Punch, Gin,1, Vodka,1, Koolaid,4,,,,,,
Closet Case Shot, Amaretto,0.75, Jagermeister,0.75,,,,,,,,
Cognac Highball, Cognac,2, Club Soda,5,,,,,,,,
Mexican Coke Shot, Tequila,1, Cola,0.3,,,,,,,,
Cola Master, Jagermeister,2, Cola,5,,,,,,,,
Cool Down, Creme de Menthe,1.5, Club Soda,4.5,,,,,,,,
Alaskan Bulldog, Kahlua,2, Vodka,1, Cola,4,,,,,,
Irish Bulldog, Irish Cream,1.25, Kahlua,1.25, Club Soda,4,,,,,,
Sparkling Nips, Cognac,2, Pineapple Juice,2, Champagne,3,,,,,,
Concrete Mixer Shot, Irish Cream,0.75, Vodka,0.75,,,,,,,,
Confucius Confusion, Sake,1, Vodka Raspberry,1, Cranberry Juice,1, Sprite,1,,,,
Ginger Head, Vodka,1.25, Grenadine,0.75, Ginger Ale,4.5,,,,,,
Cosmorita, Tequila,1, Cran Raspberry Juice,2.25, Lime Juice,0.5,,,,,,
Cotton Ball Coolade, Vodka,1.5, Cranberry Juice,2.5, Grenadine,0.5, Pineapple Juice,2.5,,,,
Cough Drop, Gin,0.3, Rumple Minze,1,,,,,,,,
Cranut, Amaretto,1.5, Cranberry Juice,4.5,,,,,,,,
CranRazz, Orange Vodka,2, Cranberry Juice,5,,,,,,,,
Smashing Cranberries, Vodka,1.5, Cranberry Juice,3.5, Ginger Ale,1.5,,,,,,
Cranberry Springs, Sour Watermelon Pucker,1.5, Vodka,1.5, Cranberry Juice,4,,,,,,
Vodka Cranberry Punch, Vodka,2, Club Soda,1, Cranberry Juice,2, Ginger Ale,2,,,,
Vodka Crime, Vodka,2, Cranberry Juice,4, Lime Juice,0.5,,,,,,
Crantini, Triple Sec,0.5, Vermouth,0.5, Vodka,1.5, Cranberry Juice,4,,,,
Crash Landing Shot, Vodka,1.25, Grenadine,0.25, Lemon Juice,0.25, Lime Juice,0.25,,,,
Creamy Orange Field, Tequila,1, Triple Sec,0.75, Cream Soda,4.75, Lime Juice,0.25,,,,
Spiced Soda (Cream Soda),Cream Soda, 4,,,,,,,,,,
Creamin' Beemin', Bourbon,1.5, Cream Soda,5,,,,,,,,
Creameister, Jagermeister,1.5, Cream Soda,5,,,,,,,,
Kocked Out Dreams, Everclear,2.5, Cream Soda,4.25,,,,,,,,
Classy Chaos, Amaretto,1, Southern Comfort,2, Vodka,2, Pineapple Juice,1, Grenadine,0.5,,
Do the Creep, Peach Schnapps,2, Vodka,1,,,,,,,,
Crimson Tide, Peach Schnapps,1, Southern Comfort,1, Vodka,1, 7 Up,1, Cranberry Juice,1,,
Crimson Tides, Peach Schnapps,1, Southern Comfort,1, Vodka,1, Sprite,1, Cranberry Juice,1,,
Love's Crucifix, Irish Cream,1, Jack Daniels,1, Red Bull,4,,,,,,
Man Juice, Peach Schnapps,0.75, Tequila,0.75,,,,,,,,
Cunning Stunts, Jack Daniels,1, Vodka,1, Champagne,3,,,,,,
Cherry Popper Shot, Irish Cream,0.5, Jack Daniels,0.75, Grenadine,0.25,,,,,,
Solar Flare, Jagermeister,1, Lemon Vodka,1, Lemonade,4.5,,,,,,
Daisy, Tequila,1.5, Club Soda,1, Grenadine,0.5, Lemon Juice,0.75,,,,
Daisy Duke Shot, Everclear,0.25, Jack Daniels,0.5, Southern Comfort,0.5,,,,,,
South Dakota, Bourbon,0.5, Tequila,0.5,,,,,,,,
Pimp Juice, Vodka,1.5, Cranberry Juice,0.75, Red Bull,4,,,,,,
Eating a Star Shot, Creme de Menthe,0.75, Goldschlager,0.75,,,,,,,,
Irish Mexican Shot, Irish Cream,0.75, Tequila,0.75,,,,,,,,
Dead Frog, Irish Cream,1, Creme de Menthe,1, Kahlua,1, Rumple Minze,1, Vodka,1,,
Dead Hooker, Vodka,1.5, Cran Raspberry Juice,3, Mountain Dew,3,,,,,,
Dead Nazi Shot, Jagermeister,0.75, Rumple Minze,0.75,,,,,,,,
Deathwish on the Rocks, Amaretto,1, Jagermeister,0.5, Vodka,1,,,,,,
Deauville, Brandy,0.5, Triple Sec,0.75, Lemon Juice,0.25,,,,,,
Didgeridoo, Brandy,2, Lemonade,5,,,,,,,,
Orgasm on the Rocks, Irish Cream,2, Vodka,1,,,,,,,,
Hyper Depression, Bourbon,2.5, Cola,2, Mountain Dew,2,,,,,,
Depth Bomb, Brandy,1, Grenadine,0.25, Lemon Juice,0.25,,,,,,
Morning Detox, Peach Schnapps,0.5, Vodka,0.5, Cranberry Juice,0.5,,,,,,
Dew It, Sour Apple Pucker,1, Vodka Lemon,1, Mountain Dew,4.5,,,,,,
Golden Dew, Goldschlager,2, Mountain Dew,4.5,,,,,,,,
Dewmint, Peppermint Schnapps,2, Mountain Dew,4.5,,,,,,,,
Diablo Blood, Red Wine,3, Cola,3.5,,,,,,,,
Dirtbag, Jagermeister,1.5, Ginger Ale,5,,,,,,,,
Dirty Bomb, Absinthe,1.5, Red Bull,5,,,,,,,,
Drunk Irishman on the Rocks, Bourbon,2, Irish Cream,1,,,,,,,,
Dirty Girl Scout, Irish Cream,1, Creme de Menthe,0.5, Kahlua,1, Vodka,0.5,,,,
Dirty Girl Scouts, Irish Cream,0.75, Kahlua,0.75, Rumple Minze,0.75,,,,,,
Le Whiskey Coke, Whiskey,1.5, Cola,5, Lemon Juice,0.5,,,,,,
Dirty Whiskey, Whiskey,3, Cola,3, Lemon Juice,0.5,,,,,,
Whiskey Coke, Whiskey,1.5, Cola,5,,,,,,,,
Dirty Gold, Amaretto,2, Mountain Dew,4.5,,,,,,,,
Dirty Ice Cap, Rumple Minze,1, Triple Sec,1, Vodka,1, Cranberry Juice,3.5,,,,
Dirty Lemonade, Vodka,2, Lemonade,2.5, Sprite,2,,,,,,
Dirty's Lemonade, Vodka,2, Lemonade,2.5, 7 Up,2,,,,,,
Dirty Mexican Shot, Tequila,0.75, Lemonade,0.75,,,,,,,,
Dirty Nipple, Irish Cream,0.5, Kahlua,0.5, Sambuca,0.5,,,,,,
Dirty Oatmeal, Irish Cream,1.5, Jagermeister,1.5,,,,,,,,
Dirty Puerto Rican, Kahlua,1.5, Spiced Rum,1.5, Pineapple Juice,1,,,,,,
Dirty Sanchez, Jagermeister,0.5, Sambuca,1,,,,,,,,
Dizzy Drop, Goldschlager,0.5, Jagermeister,0.5, Rumple Minze,0.5,,,,,,
Doctor Dry, Gin,1.5, Dr. Pepper,4,,,,,,,,
Dog House, Vodka,2, Lemon Juice,0.75, Mountain Dew,4,,,,,,
Dead Bolt Shot, Everclear,0.5, Goldschlager,0.5, Rumple Minze,0.5,,,,,,
Dong Shot, Irish Cream,0.75, Rumple Minze,0.75,,,,,,,,
Double Gold Shot, Goldschlager,0.5, Tequla,0.5,,,,,,,,
Dr. Jager, Jagermeister,1.5, Dr. Pepper,5,,,,,,,,
Dr. Monkey, Vodka,2, Dr. Pepper,4.5, Lemon Juice,0.25,,,,,,
Dr. Nut, Amaretto,2.5, Dr. Pepper,4,,,,,,,,
Dr. Red Russion, Vodka,1, Dr. Pepper,3, Red Bull,2.5,,,,,,
Dr. Swerve, Whiskey,1.5, Dr. Pepper,4.5, Grenadine,0.5,,,,,,
Dr. Vodka, Vodka,1.75, Dr. Pepper,5,,,,,,,,
Dragonfly, Gin,1.5, Ginger Ale,5, Lime Juice,0.25,,,,,,
Dragonflies, Gin,1.5, Ginger Ale,5,,,,,,,,
Dried Up Kitty, Irish Cream,0.75, Tequila,0.5,,,,,,,,
Drop Kick, Bourbon,1.5, Hawaiian Punch,5,,,,,,,,
Dry Scotsman, Vermouth,1, Whiskey,2, Lemon Juice,0.3,,,,,,
Doublin Double Shot, Irish Cream,1, Kahlua,1,,,,,,,,
Duke Dew, Strawberry Schnapps,2, Mountain Dew,4.5,,,,,,,,
Easy Breezy, Brandy,2, Dr. Pepper,4.5,,,,,,,,
El Cid, Amaretto,0.5, Tequila,1.5, Grenadine,0.25, Lime Juice,1, Tonic Water,3.5,,
El Toro, Kahlua,0.75, Tequila,1,,,,,,,,
Electric Fuzzy, Peach Schnapps,1.5, Lemonade,5,,,,,,,,
Electric Iced Tea, Gin,0.5, Triple Sec,0.5, Vodka,0.5, Whiskey,0.5, Cola,4,,
Elephant Gun on the Rocks, Whiskey,1.5, Lemon Juice,0.25, Pineapple Juice,1.5,,,,,,
Everpurple, Everclear,1, Ginger Ale,3, Grape Juice,2.5,,,,,,
Ferrari, Amaretto,1, Vermouth,2, Lemon Juice,0.25,,,,,,
Ferrari Jack, Amaretto,1, Jack Daniels,1, Cola,4.5,,,,,,
Fizzy Navel, Peach Schnapps,2, Orange Soda,4.5,,,,,,,,
Flamingo, Vodka,1, Red Wine,2, Sprite,3.5,,,,,,
Flamingos, Vodka,1, Red Wine,2, 7 Up,3.5,,,,,,
Flying Dutchman Shot, Gin,1.25, Triple Sec,0.25,,,,,,,,
Fog Horn, Gin,1.5, Ginger Ale,5, Lime Juice,0.3,,,,,,
Freddy Kruger Shot, Jagermeister,0.5, Sambuca,0.5, Vodka,0.5,,,,,,
French Connection, Amaretto,0.75, Cognac,0.75,,,,,,,,
French Connections, Grand Marnier,0.75, Cognac,0.75,,,,,,,,
Frog in Your Throat Shot, Everclear,0.5, Sour Apple Pucker,0.5,,,,,,,,
Cheap Margarita, Tequla,1.5, Triple Sec,0.5, Lemon Juice,1,,,,,,
Crazy Triple Apple, Sour Apple Pucker,1, Triple Sec,1, Koolaid,4.5,,,,,,
Pucker Upper, Amaretto,4, Lime Juice,2,,,,,,,,
Full Moon Shot, Amaretto,0.75, Grand Marnier,0.75,,,,,,,,
Full Nelson, Bourbon,2, Creme de Menthe,0.5, Club Soda,4, Lime Juice,0.25,,,,
Fuzzy Cherry, Amaretto,1.5, Peach Schnapps,1.5, Cranberry Juice,2, Lime Juice,0.25,,,,
Fuzzy Cherries, Amaretto,1.5, Peach Schnapps,1.5, Cranberry Juice,2,,,,,,
Fuzzy Hulk, Vodka,1.5, Ginger Ale,4.5, Lime Juice,1,,,,,,
Fuzzy Pecker, Peach Schnapps,2, Pineapple Juice,3.5,,,,,,,,
G Thang, Gin,1, Grand Marnier,0.5, Grenadine,0.25,,,,,,
Natural Warning, Vodka,2, Lemon Juice,0.3, Sprite,3,,,,,,
Natural Warnings, Vodka,2, Lemon Juice,0.3, 7 Up,3,,,,,,
Gangrene Shot, Irish Cream,0.5, Creme de Menthe,0.5, Jagermeister,0.5,,,,,,
Sambuca Shot, Sambuca,1,,,,,,,,,,
Gear Oil, Irish Cream,0.5, Jagermeister,0.75,,,,,,,,
Georgia Stag, Bourbon,1, Jagermeister,1, Peach Schnapps,0.5,,,,,,
Gestapo Shot, Jagermeister,0.75, Rumple Minze,0.5,,,,,,,,
Gettin' Loose, Amaretto,1.25, Vodka,1.25, Sprite,4.25,,,,,,
Getting Loose, Amaretto,1.25, Vodka,1.25, 7 Up,4.25,,,,,,
Ghost Buster, Irish Cream,0.5, Kahlua,0.5, Vodka,0.5,,,,,,
Gin and Gin, Gin,1.5, Ginger Ale,5,,,,,,,,
Gin Bubbles, Gin,1.5, Club Soda,5,,,,,,,,
Gin n Bubbles, Gin,1.5, Club Soda,4.5, Lemon Juice,0.5,,,,,,
Gin and Tonic, Gin,1.5, Tonic Water,5,,,,,,,,
Gin n Lime, Gin,1.5, Ginger Ale,4.5, Lime Juice,0.5,,,,,,
Gin n Limes, Gin,1.5, Club Soda,4.5, Lime Juice,0.5,,,,,,
Ginger Scotch, Scotch,1.5, Ginger Ale,4,,,,,,,,
Ginger Hoe, Southern Comfort,2, Ginger Ale,4.5,,,,,,,,
Gin n Gold, Gin,1, Goldschlager,1, Sprite,4.5,,,,,,
Gin 'n Gold, Gin,1, Goldschlager,1, 7 Up,4.5,,,,,,
Ginka Bitonica, Gin,1, Vodka,1.5, Tonic Water,4,,,,,,
Glacier Mint, Creme de Menthe,0.5, Vodka,1, Lemon Vodka,0.5,,,,,,
Glass Knot Double, Peppermint Schnappts,0.5, Vodka,1.5,,,,,,,,
The Godfather Shot, Amaretto,0.75, Whiskey,0.75,,,,,,,,
The God Mother Shot, Amaretto,0.75, Vodka,0.75,,,,,,,,
The Gods, Grand Marnier,2, Vodka,1, Sprite,3.5,,,,,,
The Greek Gods, Grand Marnier,2, Vodka,1, 7 Up,3.5,,,,,,
Apple Orchard on the Rocks, Goldschlager,1, Sour Apple Pucker,1.5, Grenadine,0.5,,,,,,
Golden Oldie, Goldschlager,1.5, Cola,5,,,,,,,,
Golden Tit, Goldschlager,0.75, Irish Cream,0.75, Grenadine,0.25,,,,,,
Good Morning Mexico, Kahlua,2, Tequila,1, Lime Juice,0.5,,,,,,
Goof Troop, Vodka,2, Club Soda,2, Lime Juice,0.5,,,,,,
Tip of the Mountain, Mountain Dew,2, Gin,1,,,,,,,,
Gorilla Fart Shot, Jabermeister,0.75, Jack Daniels,0.75,,,,,,,,
Grampa's Coffee, Irish Cream,0.75, Brandy,0.75, Kahlua,1.5,,,,,,
Grand Master, Peppermint Schnapps,0.5, Whiskey,1.5, Club Soda,4,,,,,,
Grandma's Peach Fuzz, Peach Schnapps,0.5, Sour Apple Pucker,1.5, Southern Comfort,1, Cranberry Juice,3,,,,
